Workbook

Sheet Nhật ký chạy
A1: Nhật ký các lần chạy ShopQA-Agent
A2: Cách dùng: mỗi lần chạy agent, thêm một dòng. Ô nền vàng, chữ xanh là ô bạn nhập; cột Lần là công thức tự đánh số.
A3: Lệnh: python -m shopqa.cli --spec specs/checkout.md --base-url "http://localhost:8000/?bug=coupon" (đổi thành ?bug=checkout hoặc bỏ phần ?bug=... cho shop sạch)
A4: Lần | B4: Chế độ | C4: Phiên bản prompt | D4: Thư mục kết quả | E4: Số test | F4: Bắt được lỗi? | G4: Báo nhầm? | H4: Ghi chú
A5: =IF(B5="","",ROW()-4) -> 1 | B5: shop sạch | C5: Trước khi sửa | D5: artifacts\20261012-000057 | E5: 6 | G5: Không | H5: 6/6 PASS trên shop sạch (dữ liệu từ ảnh bạn gửi)
A6: =IF(B6="","",ROW()-4) -> 2 | B6: bug=coupon | C6: Trước khi sửa | D6: artifacts\20261013-123331 | E6: 6 | F6: Không | H6: Bỏ sót lỗi: test t4 chỉ kiểm tra thông báo, web hiện tổng 99.000đ nhưng vẫn PASS
A7: =IF(B7="","",ROW()-4) -> 3 | B7: bug=coupon | C7: Sau khi sửa | D7: artifacts\20261013-143103 | E7: 5 | F7: Có | H7: t3 FAIL: kỳ vọng 90.000đ, thực tế 99.000đ (assertion_failed)
A8: =IF(B8="","",ROW()-4)
A9: =IF(B9="","",ROW()-4)
A10: =IF(B10="","",ROW()-4)
A11: =IF(B11="","",ROW()-4)
A12: =IF(B12="","",ROW()-4)
A13: =IF(B13="","",ROW()-4)
A14: =IF(B14="","",ROW()-4)
A15: =IF(B15="","",ROW()-4)
A16: =IF(B16="","",ROW()-4)
A17: =IF(B17="","",ROW()-4)
A18: =IF(B18="","",ROW()-4)
A19: =IF(B19="","",ROW()-4)
... A64: =IF(B64="","",ROW()-4)

Sheet Tổng hợp
A1: Tổng hợp kết quả đo ShopQA-Agent
A2: Số liệu tính tự động từ sheet 'Nhật ký chạy'. Chỉ nhập dữ liệu ở sheet đó, không sửa ở đây.
A4: Trước khi sửa prompt
A5: Chế độ | B5: Số lần chạy | C5: Bắt được lỗi | D5: Tỉ lệ bắt lỗi | E5: Báo nhầm | F5: Tỉ lệ báo nhầm
A6: bug=coupon | B6: =COUNTIFS('Nhật ký chạy'!$B$5:$B$64,$A6,'Nhật ký chạy'!$C$5:$C$64,"Trước khi sửa") -> 1 | C6: =COUNTIFS('Nhật ký chạy'!$B$5:$B$64,$A6,'Nhật ký chạy'!$C$5:$C$64,"Trước khi sửa",'Nhật ký chạy'!$F$5:$F$64,"Có") -> 0 | D6: =IF(B6=0,"",C6/B6) -> 0 | E6: — | F6: —
A7: bug=checkout | B7: =COUNTIFS('Nhật ký chạy'!$B$5:$B$64,$A7,'Nhật ký chạy'!$C$5:$C$64,"Trước khi sửa") -> 0 | C7: =COUNTIFS('Nhật ký chạy'!$B$5:$B$64,$A7,'Nhật ký chạy'!$C$5:$C$64,"Trước khi sửa",'Nhật ký chạy'!$F$5:$F$64,"Có") -> 0 | D7: =IF(B7=0,"",C7/B7) | E7: — | F7: —
A8: shop sạch | B8: =COUNTIFS('Nhật ký chạy'!$B$5:$B$64,$A8,'Nhật ký chạy'!$C$5:$C$64,"Trước khi sửa") -> 1 | C8: — | D8: — | E8: =COUNTIFS('Nhật ký chạy'!$B$5:$B$64,$A8,'Nhật ký chạy'!$C$5:$C$64,"Trước khi sửa",'Nhật ký chạy'!$G$5:$G$64,"Có") -> 0 | F8: =IF(B8=0,"",E8/B8) -> 0
A10: Sau khi sửa prompt
A11: Chế độ | B11: Số lần chạy | C11: Bắt được lỗi | D11: Tỉ lệ bắt lỗi | E11: Báo nhầm | F11: Tỉ lệ báo nhầm
A12: bug=coupon | B12: =COUNTIFS('Nhật ký chạy'!$B$5:$B$64,$A12,'Nhật ký chạy'!$C$5:$C$64,"Sau khi sửa") -> 1 | C12: =COUNTIFS('Nhật ký chạy'!$B$5:$B$64,$A12,'Nhật ký chạy'!$C$5:$C$64,"Sau khi sửa",'Nhật ký chạy'!$F$5:$F$64,"Có") -> 1 | D12: =IF(B12=0,"",C12/B12) -> 1 | E12: — | F12: —
A13: bug=checkout | B13: =COUNTIFS('Nhật ký chạy'!$B$5:$B$64,$A13,'Nhật ký chạy'!$C$5:$C$64,"Sau khi sửa") -> 0 | C13: =COUNTIFS('Nhật ký chạy'!$B$5:$B$64,$A13,'Nhật ký chạy'!$C$5:$C$64,"Sau khi sửa",'Nhật ký chạy'!$F$5:$F$64,"Có") -> 0 | D13: =IF(B13=0,"",C13/B13) | E13: — | F13: —
A14: shop sạch | B14: =COUNTIFS('Nhật ký chạy'!$B$5:$B$64,$A14,'Nhật ký chạy'!$C$5:$C$64,"Sau khi sửa") -> 0 | C14: — | D14: — | E14: =COUNTIFS('Nhật ký chạy'!$B$5:$B$64,$A14,'Nhật ký chạy'!$C$5:$C$64,"Sau khi sửa",'Nhật ký chạy'!$G$5:$G$64,"Có") -> 0 | F14: =IF(B14=0,"",E14/B14)
A16: Thông tin cố định khi đo (để so sánh công bằng)
A17: Model LLM | B17: gemini-3.8-flash | C17: Lấy từ file .env trong ảnh bạn gửi; đổi nếu bạn đổi model.
A18: Nhiệt độ | B18: 0 | C18: Giá trị đặt trong llm.py (temperature=0).
A20: Ghi chú:
A21: • Dấu — nghĩa là không áp dụng: tỉ lệ bắt lỗi chỉ đo ở chế độ có bug; báo nhầm chỉ đo ở shop sạch.
A22: • Mỗi chế độ nên chạy khoảng 5 lần cho mỗi phiên bản prompt; 1-2 lần chưa đủ để kết luận vì LLM sinh test khác nhau mỗi lần.
A23: • 'Bắt được lỗi' = có ít nhất một test FAIL đúng vào lỗi đã cài (xem ảnh chụp bước cuối để xác nhận).
A24: • 'Báo nhầm' = shop sạch nhưng agent vẫn báo FAIL.
